address_id,address,address2,district,city_id,postal_code
1,47 MySakila Drive,NULL," ",300,NULL
2,28 MySQL Boulevard,NULL," ",576,NULL
3,23 Workhaven Lane,NULL," ",300,NULL
4,1411 Lillydale Drive,NULL," ",576,NULL
5,1913 Hanoi Way,NULL," ",463,35200
6,1121 Loja Avenue,NULL," ",449,17886
7,692 Joliet Street,NULL," ",38,83579
8,1566 Inegl Manor,NULL," ",349,53561
9,53 Idfu Parkway,NULL," ",361,42399
10,1795 Santiago de Compostela Way,NULL," ",295,18743
11,900 Santiago de Compostela Parkway,NULL," ",280,93896
12,478 Joliet Way,NULL," ",200,77948
13,613 Korolev Drive,NULL," ",329,45844
14,1531 Sal Drive,NULL," ",162,53628
15,1542 Tarlac Parkway,NULL," ",440,1027
16,808 Bhopal Manor,NULL," ",582,10672
17,270 Amroha Parkway,NULL," ",384,29610
18,770 Bydgoszcz Avenue,NULL," ",120,16266
19,419 Iligan Lane,NULL," ",76,72878
20,360 Toulouse Parkway,NULL," ",495,54308
21,270 Toulon Boulevard,NULL," ",156,81766
22,320 Brest Avenue,NULL," ",252,43331
23,1417 Lancaster Avenue,NULL," ",267,72192
24,1688 Okara Way,NULL," ",327,21954
25,262 A Corua (La Corua) Parkway,NULL," ",525,34418
26,28 Charlotte Amalie Street,NULL," ",443,37551
27,1780 Hino Boulevard,NULL," ",303,7716
28,96 Tafuna Way,NULL," ",128,99865
29,934 San Felipe de Puerto Plata Street,NULL," ",472,99780
30,18 Duisburg Boulevard,NULL," ",121,58327
31,217 Botshabelo Place,NULL," ",138,49521
32,1425 Shikarpur Manor,NULL," ",346,65599
33,786 Aurora Avenue,NULL," ",474,65750
34,1668 Anpolis Street,NULL," ",316,50199
35,33 Gorontalo Way,NULL," ",257,30348
36,176 Mandaluyong Place,NULL," ",239,65213
37,127 Purnea (Purnia) Manor,NULL," ",17,79388
38,61 Tama Street,NULL," ",284,94065
39,391 Callao Drive,NULL," ",544,34021
40,334 Munger (Monghyr) Lane,NULL," ",31,38145
41,1440 Fukuyama Loop,NULL," ",362,47929
42,269 Cam Ranh Parkway,NULL," ",115,34689
43,306 Antofagasta Place,NULL," ",569,3989
44,671 Graz Street,NULL," ",353,94399
45,42 Brindisi Place,NULL," ",586,16744
46,1632 Bislig Avenue,NULL," ",394,61117
47,1447 Imus Way,NULL," ",167,48942
48,1998 Halifax Drive,NULL," ",308,76022
49,1718 Valencia Street,NULL," ",27,37359
50,46 Pjatigorsk Lane,NULL," ",343,23616
51,686 Garland Manor,NULL," ",247,52535
52,909 Garland Manor,NULL," ",367,69367
53,725 Isesaki Place,NULL," ",237,74428
54,115 Hidalgo Parkway,NULL," ",379,80168
55,1135 Izumisano Parkway,NULL," ",171,48150
56,939 Probolinggo Loop,NULL," ",1,4166
57,17 Kabul Boulevard,NULL," ",355,38594
58,1964 Allappuzha (Alleppey) Street,NULL," ",227,48980
59,1697 Kowloon and New Kowloon Loop,NULL," ",49,57807
60,1668 Saint Louis Place,NULL," ",397,39072
61,943 Tokat Street,NULL," ",560,45428
62,1114 Liepaja Street,NULL," ",282,69226
63,1213 Ranchi Parkway,NULL," ",350,94352
64,81 Hodeida Way,NULL," ",231,55561
65,915 Ponce Place,NULL," ",56,83980
66,1717 Guadalajara Lane,NULL," ",441,85505
67,1214 Hanoi Way,NULL," ",306,67055
68,1966 Amroha Avenue,NULL," ",139,70385
69,698 Otsu Street,NULL," ",105,71110
70,1150 Kimchon Manor,NULL," ",321,96109
71,1586 Guaruj Place,NULL," ",579,5135
72,57 Arlington Manor,NULL," ",475,48960
73,1031 Daugavpils Parkway,NULL," ",63,59025
74,1124 Buenaventura Drive,NULL," ",13,6856
75,492 Cam Ranh Street,NULL," ",61,50805
76,89 Allappuzha (Alleppey) Manor,NULL," ",517,75444
77,1947 Poos de Caldas Boulevard,NULL," ",114,60951
78,1206 Dos Quebradas Place,NULL," ",431,20207
79,1551 Rampur Lane,NULL," ",108,72394
80,602 Paarl Street,NULL," ",402,98889
81,1692 Ede Loop,NULL," ",30,9223
82,936 Salzburg Lane,NULL," ",425,96709
83,586 Tete Way,NULL," ",256,1079
84,1888 Kabul Drive,NULL," ",217,20936
85,320 Baiyin Parkway,NULL," ",319,37307
86,927 Baha Blanca Parkway,NULL," ",479,9495
87,929 Tallahassee Loop,NULL," ",497,74671
88,125 Citt del Vaticano Boulevard,NULL," ",40,67912
89,1557 Ktahya Boulevard,NULL," ",88,88002
90,870 Ashqelon Loop,NULL," ",489,84931
91,1740 Portoviejo Avenue,NULL," ",480,29932
92,1942 Ciparay Parkway,NULL," ",113,82624
93,1926 El Alto Avenue,NULL," ",289,75543
94,1952 Chatsworth Drive,NULL," ",332,25958
95,1370 Le Mans Avenue,NULL," ",53,52163
96,984 Effon-Alaiye Avenue,NULL," ",183,17119
97,832 Nakhon Sawan Manor,NULL," ",592,49021
98,152 Kitwe Parkway,NULL," ",82,53182
99,1697 Tanauan Lane,NULL," ",399,22870
100,1308 Arecibo Way,NULL," ",41,30695
101,1599 Plock Drive,NULL," ",534,71986
102,669 Firozabad Loop,NULL," ",12,92265
103,588 Vila Velha Manor,NULL," ",268,51540
104,1913 Kamakura Place,NULL," ",238,97287
105,733 Mandaluyong Place,NULL," ",2,77459
106,659 Vaduz Drive,NULL," ",34,49708
107,1177 Jelets Way,NULL," ",220,3305
108,1386 Yangor Avenue,NULL," ",543,80720
109,454 Nakhon Sawan Boulevard,NULL," ",173,76383
110,1867 San Juan Bautista Tuxtepec Avenue,NULL," ",225,78311
111,1532 Dzerzinsk Way,NULL," ",334,9599
112,1002 Ahmadnagar Manor,NULL," ",213,93026
113,682 Junan Way,NULL," ",273,30418
114,804 Elista Drive,NULL," ",159,61069
115,1378 Alvorada Avenue,NULL," ",102,75834
116,793 Cam Ranh Avenue,NULL," ",292,87057
117,1079 Tel Aviv-Jaffa Boulevard,NULL," ",132,10885
118,442 Rae Bareli Place,NULL," ",148,24321
119,1107 Nakhon Sawan Avenue,NULL," ",365,75149
120,544 Malm Parkway,NULL," ",403,63502
121,1967 Sincelejo Place,NULL," ",176,73644
122,333 Goinia Way,NULL," ",185,78625
123,1987 Coacalco de Berriozbal Loop,NULL," ",476,96065
124,241 Mosul Lane,NULL," ",147,76157
125,211 Chiayi Drive,NULL," ",164,58186
126,1175 Tanauan Way,NULL," ",305,64615
127,117 Boa Vista Way,NULL," ",566,6804
128,848 Tafuna Manor,NULL," ",281,45142
129,569 Baicheng Lane,NULL," ",85,60304
130,1666 Qomsheh Drive,NULL," ",410,66255
131,801 Hagonoy Drive,NULL," ",484,8439
132,1050 Garden Grove Avenue,NULL," ",236,4999
133,1854 Tieli Street,NULL," ",302,15819
134,758 Junan Lane,NULL," ",190,82639
135,1752 So Leopoldo Parkway,NULL," ",345,14014
136,898 Belm Manor,NULL," ",87,49757
137,261 Saint Louis Way,NULL," ",541,83401
138,765 Southampton Drive,NULL," ",421,4285
139,943 Johannesburg Avenue,NULL," ",417,5892
140,788 Atinsk Street,NULL," ",211,81691
141,1749 Daxian Place,NULL," ",29,11044
142,1587 Sullana Lane,NULL," ",207,85769
143,1029 Dzerzinsk Manor,NULL," ",542,57519
144,1666 Beni-Mellal Place,NULL," ",123,13377
145,928 Jaffna Loop,NULL," ",172,93762
146,483 Ljubertsy Parkway,NULL," ",149,60562
147,374 Bat Yam Boulevard,NULL," ",266,97700
148,1027 Songkhla Manor,NULL," ",340,30861
149,999 Sanaa Loop,NULL," ",491,3439
150,879 Newcastle Way,NULL," ",499,90732
151,1337 Lincoln Parkway,NULL," ",555,99457
152,1952 Pune Lane,NULL," ",442,92150
153,782 Mosul Street,NULL," ",94,25545
154,781 Shimonoseki Drive,NULL," ",202,95444
155,1560 Jelets Boulevard,NULL," ",291,77777
156,1963 Moscow Place,NULL," ",354,64863
157,456 Escobar Way,NULL," ",232,36061
158,798 Cianjur Avenue,NULL," ",590,76990
159,185 Novi Sad Place,NULL," ",72,41778
160,1367 Yantai Manor,NULL," ",381,21294
161,1386 Nakhon Sawan Boulevard,NULL," ",420,53502
162,369 Papeete Way,NULL," ",187,66639
163,1440 Compton Place,NULL," ",307,81037
164,1623 Baha Blanca Manor,NULL," ",310,81511
165,97 Shimoga Avenue,NULL," ",533,44660
166,1740 Le Mans Loop,NULL," ",297,22853
167,1287 Xiangfan Boulevard,NULL," ",253,57844
168,842 Salzburg Lane,NULL," ",529,3313
169,154 Tallahassee Loop,NULL," ",199,62250
170,710 San Felipe del Progreso Avenue,NULL," ",304,76901
171,1540 Wroclaw Drive,NULL," ",107,62686
172,475 Atinsk Way,NULL," ",240,59571
173,1294 Firozabad Drive,NULL," ",407,70618
174,1877 Ezhou Lane,NULL," ",550,63337
175,316 Uruapan Street,NULL," ",223,58194
176,29 Pyongyang Loop,NULL," ",58,47753
177,1010 Klerksdorp Way,NULL," ",186,6802
178,1848 Salala Boulevard,NULL," ",373,25220
179,431 Xiangtan Avenue,NULL," ",18,4854
180,757 Rustenburg Avenue,NULL," ",483,89668
181,146 Johannesburg Way,NULL," ",330,54132
182,1891 Rizhao Boulevard,NULL," ",456,47288
183,1089 Iwatsuki Avenue,NULL," ",270,35109
184,1410 Benin City Parkway,NULL," ",405,29747
185,682 Garden Grove Place,NULL," ",333,67497
186,533 al-Ayn Boulevard,NULL," ",126,8862
187,1839 Szkesfehrvr Parkway,NULL," ",317,55709
188,741 Ambattur Manor,NULL," ",438,43310
189,927 Barcelona Street,NULL," ",467,65121
190,435 0 Way,NULL," ",195,74750
191,140 Chiayi Parkway,NULL," ",506,38982
192,1166 Changhwa Street,NULL," ",62,58852
193,891 Novi Sad Manor,NULL," ",383,5379
194,605 Rio Claro Parkway,NULL," ",513,49348
195,1077 San Felipe de Puerto Plata Place,NULL," ",369,65387
196,9 San Miguel de Tucumn Manor,NULL," ",169,90845
197,447 Surakarta Loop,NULL," ",271,10428
198,345 Oshawa Boulevard,NULL," ",204,32114
199,1792 Valle de la Pascua Place,NULL," ",477,15540
200,1074 Binzhou Manor,NULL," ",325,36490
201,817 Bradford Loop,NULL," ",109,89459
202,955 Bamenda Way,NULL," ",218,1545
203,1149 A Corua (La Corua) Boulevard,NULL," ",194,95824
204,387 Mwene-Ditu Drive,NULL," ",35,8073
205,68 Molodetno Manor,NULL," ",575,4662
206,642 Nador Drive,NULL," ",77,3924
207,1688 Nador Lane,NULL," ",184,61613
208,1215 Pyongyang Parkway,NULL," ",557,25238
209,1679 Antofagasta Street,NULL," ",122,86599
210,1304 s-Hertogenbosch Way,NULL," ",83,10925
211,850 Salala Loop,NULL," ",371,10800
212,624 Oshawa Boulevard,NULL," ",51,89959
213,43 Dadu Avenue,NULL," ",74,4855
214,751 Lima Loop,NULL," ",7,99405
215,1333 Haldia Street,NULL," ",174,82161
216,660 Jedda Boulevard,NULL," ",65,25053
217,1001 Miyakonojo Lane,NULL," ",518,67924
218,226 Brest Manor,NULL," ",508,2299
219,1229 Valencia Parkway,NULL," ",498,99124
220,1201 Qomsheh Manor,NULL," ",28,21464
221,866 Shivapuri Manor,NULL," ",448,22474
222,1168 Najafabad Parkway,NULL," ",251,40301
223,1244 Allappuzha (Alleppey) Place,NULL," ",567,20657
224,1842 Luzinia Boulevard,NULL," ",593,94420
225,1926 Gingoog Street,NULL," ",511,22824
226,810 Palghat (Palakkad) Boulevard,NULL," ",235,73431
227,1820 Maring Parkway,NULL," ",324,88307
228,60 Poos de Caldas Street,NULL," ",243,82338
229,1014 Loja Manor,NULL," ",22,66851
230,201 Effon-Alaiye Way,NULL," ",37,64344
231,430 Alessandria Loop,NULL," ",439,47446
232,754 Valencia Place,NULL," ",406,87911
233,356 Olomouc Manor,NULL," ",26,93323
234,1256 Bislig Boulevard,NULL," ",86,50598
235,954 Kimchon Place,NULL," ",559,42420
236,885 Yingkou Manor,NULL," ",596,31390
237,1736 Cavite Place,NULL," ",216,98775
238,346 Skikda Parkway,NULL," ",233,90628
239,98 Stara Zagora Boulevard,NULL," ",96,76448
240,1479 Rustenburg Boulevard,NULL," ",527,18727
241,647 A Corua (La Corua) Street,NULL," ",357,36971
242,1964 Gijn Manor,NULL," ",473,14408
243,47 Syktyvkar Lane,NULL," ",118,22236
244,1148 Saarbrcken Parkway,NULL," ",226,1921
245,1103 Bilbays Parkway,NULL," ",578,87660
246,1246 Boksburg Parkway,NULL," ",422,28349
247,1483 Pathankot Street,NULL," ",454,37288
248,582 Papeete Loop,NULL," ",294,27722
249,300 Junan Street,NULL," ",553,81314
250,829 Grand Prairie Way,NULL," ",328,6461
251,1473 Changhwa Parkway,NULL," ",124,75933
252,1309 Weifang Street,NULL," ",520,57338
253,1760 Oshawa Manor,NULL," ",535,38140
254,786 Stara Zagora Way,NULL," ",390,98332
255,1966 Tonghae Street,NULL," ",198,36481
256,1497 Yuzhou Drive,NULL," ",312,3433
257,752 Ondo Loop,NULL," ",338,32474
258,1338 Zalantun Lane,NULL," ",413,45403
259,127 Iwakuni Boulevard,NULL," ",192,20777
260,51 Laredo Avenue,NULL," ",342,68146
261,771 Yaound Manor,NULL," ",64,86768
262,532 Toulon Street,NULL," ",460,69517
263,1027 Banjul Place,NULL," ",197,50390
264,1158 Mandi Bahauddin Parkway,NULL," ",136,98484
265,862 Xintai Lane,NULL," ",548,30065
266,816 Cayenne Parkway,NULL," ",414,93629
267,1831 Nam Dinh Loop,NULL," ",323,51990
268,446 Kirovo-Tepetsk Lane,NULL," ",203,19428
269,682 Halisahar Place,NULL," ",378,20536
270,1587 Loja Manor,NULL," ",447,5410
271,1762 Paarl Parkway,NULL," ",298,53928
272,1519 Ilorin Place,NULL," ",395,49298
273,920 Kumbakonam Loop,NULL," ",446,75090
274,906 Goinia Way,NULL," ",255,83565
275,1675 Xiangfan Manor,NULL," ",283,11763
276,85 San Felipe de Puerto Plata Drive,NULL," ",584,46063
277,144 South Hill Loop,NULL," ",445,2012
278,1884 Shikarpur Avenue,NULL," ",263,85548
279,1980 Kamjanets-Podilskyi Street,NULL," ",404,89502
280,1944 Bamenda Way,NULL," ",573,24645
281,556 Baybay Manor,NULL," ",374,55802
282,457 Tongliao Loop,NULL," ",222,56254
283,600 Bradford Street,NULL," ",514,96204
284,1006 Santa Brbara dOeste Manor,NULL," ",389,36229
285,1308 Sumy Loop,NULL," ",175,30657
286,1405 Chisinau Place,NULL," ",411,8160
287,226 Halifax Street,NULL," ",277,58492
288,1279 Udine Parkway,NULL," ",69,75860
289,1336 Benin City Drive,NULL," ",386,46044
290,1155 Liaocheng Place,NULL," ",152,22650
291,1993 Tabuk Lane,NULL," ",522,64221
292,86 Higashiosaka Lane,NULL," ",563,33768
293,1912 Allende Manor,NULL," ",279,58124
294,544 Tarsus Boulevard,NULL," ",562,53145
295,1936 Cuman Avenue,NULL," ",433,61195
296,1192 Tongliao Street,NULL," ",470,19065
297,44 Najafabad Way,NULL," ",146,61391
298,32 Pudukkottai Lane,NULL," ",140,38834
299,661 Chisinau Lane,NULL," ",274,8856
300,951 Stara Zagora Manor,NULL," ",400,98573
301,922 Vila Velha Loop,NULL," ",9,4085
302,898 Jining Lane,NULL," ",387,40070
303,1635 Kuwana Boulevard,NULL," ",205,52137
304,41 El Alto Parkway,NULL," ",398,56883
305,1883 Maikop Lane,NULL," ",254,68469
306,1908 Gaziantep Place,NULL," ",536,58979
307,687 Alessandria Parkway,NULL," ",455,57587
308,827 Yuncheng Drive,NULL," ",99,79047
309,913 Coacalco de Berriozbal Loop,NULL," ",33,42141
310,715 So Bernardo do Campo Lane,NULL," ",507,84804
311,1354 Siegen Street,NULL," ",25,80184
312,1191 Sungai Petani Boulevard,NULL," ",262,9668
313,1224 Huejutla de Reyes Boulevard,NULL," ",91,70923
314,543 Bergamo Avenue,NULL," ",215,59686
315,746 Joliet Lane,NULL," ",286,94878
316,780 Kimberley Way,NULL," ",515,17032
317,1774 Yaound Place,NULL," ",166,91400
318,1957 Yantai Lane,NULL," ",490,59255
319,1542 Lubumbashi Boulevard,NULL," ",57,62472
320,651 Pathankot Loop,NULL," ",336,59811
321,1359 Zhoushan Parkway,NULL," ",545,29763
322,1769 Iwaki Lane,NULL," ",97,25787
323,1145 Vilnius Manor,NULL," ",451,73170
324,1892 Nabereznyje Telny Lane,NULL," ",516,28396
325,470 Boksburg Street,NULL," ",81,97960
326,1427 A Corua (La Corua) Place,NULL," ",45,85799
327,479 San Felipe del Progreso Avenue,NULL," ",130,54949
328,867 Benin City Avenue,NULL," ",591,78543
329,981 Kumbakonam Place,NULL," ",89,87611
330,1016 Iwakuni Street,NULL," ",269,49833
331,663 Baha Blanca Parkway,NULL," ",5,33463
332,1860 Taguig Loop,NULL," ",119,59550
333,1816 Bydgoszcz Loop,NULL," ",234,64308
334,587 Benguela Manor,NULL," ",42,91590
335,430 Kumbakonam Drive,NULL," ",457,28814
336,1838 Tabriz Lane,NULL," ",143,1195
337,431 Szkesfehrvr Avenue,NULL," ",48,57828
338,503 Sogamoso Loop,NULL," ",505,49812
339,507 Smolensk Loop,NULL," ",492,22971
340,1920 Weifang Avenue,NULL," ",427,15643
341,124 al-Manama Way,NULL," ",382,52368
342,1443 Mardan Street,NULL," ",392,31483
343,1909 Benguela Lane,NULL," ",581,19913
344,68 Ponce Parkway,NULL," ",201,85926
345,1217 Konotop Avenue,NULL," ",151,504
346,1293 Nam Dinh Way,NULL," ",84,71583
347,785 Vaduz Street,NULL," ",335,36170
348,1516 Escobar Drive,NULL," ",370,46069
349,1628 Nagareyama Lane,NULL," ",453,60079
350,1157 Nyeri Loop,NULL," ",320,56380
351,1673 Tangail Drive,NULL," ",137,26857
352,381 Kabul Way,NULL," ",209,87272
353,953 Hodeida Street,NULL," ",221,18841
354,469 Nakhon Sawan Street,NULL," ",531,58866
355,1378 Beira Loop,NULL," ",597,40792
356,1641 Changhwa Place,NULL," ",52,37636
357,1698 Southport Loop,NULL," ",393,49009
358,519 Nyeri Manor,NULL," ",461,37650
359,619 Hunuco Avenue,NULL," ",331,81508
360,45 Aparecida de Goinia Place,NULL," ",464,7431
361,482 Kowloon and New Kowloon Manor,NULL," ",90,97056
362,604 Bern Place,NULL," ",429,5373
363,1623 Kingstown Drive,NULL," ",20,91299
364,1009 Zanzibar Lane,NULL," ",32,64875
365,114 Jalib al-Shuyukh Manor,NULL," ",585,60440
366,1163 London Parkway,NULL," ",66,6066
367,1658 Jastrzebie-Zdrj Loop,NULL," ",372,96584
368,817 Laredo Avenue,NULL," ",188,77449
369,1565 Tangail Manor,NULL," ",377,45750
370,1912 Emeishan Drive,NULL," ",50,33050
371,230 Urawa Drive,NULL," ",8,2738
372,1922 Miraj Way,NULL," ",356,13203
373,433 Florencia Street,NULL," ",250,91330
374,1049 Matamoros Parkway,NULL," ",191,69640
375,1061 Ede Avenue,NULL," ",98,57810
376,154 Oshawa Manor,NULL," ",415,72771
377,1191 Tandil Drive,NULL," ",523,6362
378,1133 Rizhao Avenue,NULL," ",572,2800
379,1519 Santiago de los Caballeros Loop,NULL," ",348,22025
380,1618 Olomouc Manor,NULL," ",285,26385
381,220 Hidalgo Drive,NULL," ",265,45298
382,686 Donostia-San Sebastin Lane,NULL," ",471,97390
383,97 Mogiljov Lane,NULL," ",73,89294
384,1642 Charlotte Amalie Drive,NULL," ",549,75442
385,1368 Maracabo Boulevard,NULL," ",493,32716
386,401 Sucre Boulevard,NULL," ",322,25007
387,368 Hunuco Boulevard,NULL," ",360,17165
388,500 Lincoln Parkway,NULL," ",210,95509
389,102 Chapra Drive,NULL," ",521,14073
390,1793 Meixian Place,NULL," ",258,33535
391,514 Ife Way,NULL," ",315,69973
392,717 Changzhou Lane,NULL," ",104,21615
393,753 Ilorin Avenue,NULL," ",157,3656
394,1337 Mit Ghamr Avenue,NULL," ",358,29810
395,767 Pyongyang Drive,NULL," ",229,83536
396,614 Pak Kret Street,NULL," ",6,27796
397,954 Lapu-Lapu Way,NULL," ",278,8816
398,331 Bydgoszcz Parkway,NULL," ",181,966
399,1152 Citrus Heights Manor,NULL," ",15,5239
400,168 Cianjur Manor,NULL," ",228,73824
401,616 Hagonoy Avenue,NULL," ",39,46043
402,1190 0 Place,NULL," ",44,10417
403,734 Bchar Place,NULL," ",375,30586
404,530 Lausanne Lane,NULL," ",135,11067
405,454 Patiala Lane,NULL," ",276,13496
406,1346 Mysore Drive,NULL," ",92,61507
407,990 Etawah Loop,NULL," ",564,79940
408,1266 Laredo Parkway,NULL," ",380,7664
409,88 Nagaon Manor,NULL," ",524,86868
410,264 Bhimavaram Manor,NULL," ",111,54749
411,1639 Saarbrcken Drive,NULL," ",437,9827
412,692 Amroha Drive,NULL," ",230,35575
413,1936 Lapu-Lapu Parkway,NULL," ",141,7122
414,432 Garden Grove Street,NULL," ",430,65630
415,1445 Carmen Parkway,NULL," ",117,70809
416,791 Salinas Street,NULL," ",208,40509
417,126 Acua Parkway,NULL," ",71,58888
418,397 Sunnyvale Avenue,NULL," ",19,55566
419,992 Klerksdorp Loop,NULL," ",23,33711
420,966 Arecibo Loop,NULL," ",134,94018
421,289 Santo Andr Manor,NULL," ",16,72410
422,437 Chungho Drive,NULL," ",450,59489
423,1948 Bayugan Parkway,NULL," ",264,60622
424,1866 al-Qatif Avenue,NULL," ",155,89420
425,1661 Abha Drive,NULL," ",416,14400
426,1557 Cape Coral Parkway,NULL," ",293,46875
427,1727 Matamoros Place,NULL," ",465,78813
428,1269 Botosani Manor,NULL," ",468,47394
429,355 Vitria de Santo Anto Way,NULL," ",452,81758
430,1596 Acua Parkway,NULL," ",418,70425
431,259 Ipoh Drive,NULL," ",189,64964
432,1823 Hoshiarpur Lane,NULL," ",510,33191
433,1404 Taguig Drive,NULL," ",547,87212
434,740 Udaipur Lane,NULL," ",150,33505
435,287 Cuautla Boulevard,NULL," ",501,72736
436,1766 Almirante Brown Street,NULL," ",364,63104
437,596 Huixquilucan Place,NULL," ",351,65892
438,1351 Aparecida de Goinia Parkway,NULL," ",391,41775
439,722 Bradford Lane,NULL," ",249,90920
440,983 Santa F Way,NULL," ",565,47472
441,1245 Ibirit Way,NULL," ",290,40926
442,1836 Korla Parkway,NULL," ",272,55405
443,231 Kaliningrad Place,NULL," ",70,57833
444,495 Bhimavaram Lane,NULL," ",144,3
445,1924 Shimonoseki Drive,NULL," ",59,52625
446,105 Dzerzinsk Manor,NULL," ",540,48570
447,614 Denizli Parkway,NULL," ",486,29444
448,1289 Belm Boulevard,NULL," ",530,88306
449,203 Tambaram Street,NULL," ",161,73942
450,1704 Tambaram Manor,NULL," ",554,2834
451,207 Cuernavaca Loop,NULL," ",352,52671
452,319 Springs Loop,NULL," ",160,99552
453,956 Nam Dinh Manor,NULL," ",481,21872
454,1947 Paarl Way,NULL," ",509,23636
455,814 Simferopol Loop,NULL," ",154,48745
456,535 Ahmadnagar Manor,NULL," ",3,41136
457,138 Caracas Boulevard,NULL," ",326,16790
458,251 Florencia Drive,NULL," ",556,16119
459,659 Gatineau Boulevard,NULL," ",153,28587
460,1889 Valparai Way,NULL," ",600,75559
461,1485 Bratislava Place,NULL," ",435,83183
462,935 Aden Boulevard,NULL," ",532,64709
463,76 Kermanshah Manor,NULL," ",423,23343
464,734 Tanshui Avenue,NULL," ",170,70664
465,118 Jaffna Loop,NULL," ",182,10447
466,1621 Tongliao Avenue,NULL," ",558,22173
467,1844 Usak Avenue,NULL," ",196,84461
468,1872 Toulon Loop,NULL," ",428,7939
469,1088 Ibirit Place,NULL," ",595,88502
470,1322 Mosul Parkway,NULL," ",145,95400
471,1447 Chatsworth Place,NULL," ",129,41545
472,1257 Guadalajara Street,NULL," ",78,33599
473,1469 Plock Lane,NULL," ",388,95835
474,434 Ourense (Orense) Manor,NULL," ",206,14122
475,270 Tambaram Parkway,NULL," ",244,9668
476,1786 Salinas Place,NULL," ",359,66546
477,1078 Stara Zagora Drive,NULL," ",301,69221
478,1854 Okara Boulevard,NULL," ",158,42123
479,421 Yaound Street,NULL," ",385,11363
480,1153 Allende Way,NULL," ",179,20336
481,808 Naala-Porto Parkway,NULL," ",500,41060
482,632 Usolje-Sibirskoje Parkway,NULL," ",36,73085
483,98 Pyongyang Boulevard,NULL," ",11,88749
484,984 Novoterkassk Loop,NULL," ",180,28165
485,64 Korla Street,NULL," ",347,25145
486,1785 So Bernardo do Campo Street,NULL," ",125,71182
487,698 Jelets Boulevard,NULL," ",142,2596
488,1297 Alvorada Parkway,NULL," ",587,11839
489,1909 Dayton Avenue,NULL," ",469,88513
490,1789 Saint-Denis Parkway,NULL," ",4,8268
491,185 Mannheim Lane,NULL," ",408,23661
492,184 Mandaluyong Street,NULL," ",288,94239
493,591 Sungai Petani Drive,NULL," ",376,46400
494,656 Matamoros Drive,NULL," ",487,19489
495,775 ostka Drive,NULL," ",337,22358
496,1013 Tabuk Boulevard,NULL," ",261,96203
497,319 Plock Parkway,NULL," ",504,26101
498,1954 Kowloon and New Kowloon Way,NULL," ",434,63667
499,362 Rajkot Lane,NULL," ",47,98030
500,1060 Tandil Lane,NULL," ",432,72349
501,1515 Korla Way,NULL," ",589,57197
502,1416 San Juan Bautista Tuxtepec Avenue,NULL," ",444,50592
503,1 Valle de Santiago Avenue,NULL," ",93,86208
504,519 Brescia Parkway,NULL," ",318,69504
505,414 Mandaluyong Street,NULL," ",314,16370
506,1197 Sokoto Boulevard,NULL," ",478,87687
507,496 Celaya Drive,NULL," ",552,90797
508,786 Matsue Way,NULL," ",245,37469
509,48 Maracabo Place,NULL," ",519,1570
510,1152 al-Qatif Lane,NULL," ",412,44816
511,1269 Ipoh Avenue,NULL," ",163,54674
512,758 Korolev Parkway,NULL," ",568,75474
513,1747 Rustenburg Place,NULL," ",110,51369
514,886 Tonghae Place,NULL," ",259,19450
515,1574 Goinia Boulevard,NULL," ",502,39529
516,548 Uruapan Street,NULL," ",312,35653
517,962 Tama Loop,NULL," ",583,65952
518,1778 Gijn Manor,NULL," ",594,35156
519,568 Dhule (Dhulia) Loop,NULL," ",127,92568
520,1768 Udine Loop,NULL," ",60,32347
521,608 Birgunj Parkway,NULL," ",116,400
522,680 A Corua (La Corua) Manor,NULL," ",482,49806
523,1949 Sanya Street,NULL," ",224,61244
524,617 Klerksdorp Place,NULL," ",366,94707
525,1993 0 Loop,NULL," ",588,41214
526,1176 Southend-on-Sea Manor,NULL," ",458,81651
527,600 Purnea (Purnia) Avenue,NULL," ",571,18043
528,1003 Qinhuangdao Street,NULL," ",419,25972
529,1986 Sivas Place,NULL," ",551,95775
530,1427 Tabuk Place,NULL," ",101,31342
531,556 Asuncin Way,NULL," ",339,35364
532,486 Ondo Parkway,NULL," ",67,35202
533,635 Brest Manor,NULL," ",75,40899
534,166 Jinchang Street,NULL," ",165,86760
535,958 Sagamihara Lane,NULL," ",287,88408
536,1817 Livorno Way,NULL," ",100,79401
537,1332 Gaziantep Lane,NULL," ",80,22813
538,949 Allende Lane,NULL," ",24,67521
539,195 Ilorin Street,NULL," ",363,49250
540,193 Bhusawal Place,NULL," ",539,9750
541,43 Vilnius Manor,NULL," ",42,79814
542,183 Haiphong Street,NULL," ",46,69953
543,163 Augusta-Richmond County Loop,NULL," ",561,33030
544,191 Jos Azueta Parkway,NULL," ",436,13629
545,379 Lublin Parkway,NULL," ",309,74568
546,1658 Cuman Loop,NULL," ",396,51309
547,454 Qinhuangdao Drive,NULL," ",68,25866
548,1715 Okayama Street,NULL," ",485,55676
549,182 Nukualofa Drive,NULL," ",275,15414
550,390 Wroclaw Way,NULL," ",462,5753
551,1421 Quilmes Lane,NULL," ",260,19151
552,947 Trshavn Place,NULL," ",528,841
553,1764 Jalib al-Shuyukh Parkway,NULL," ",459,77642
554,346 Cam Ranh Avenue,NULL," ",599,39976
555,1407 Pachuca de Soto Place,NULL," ",21,26284
556,904 Clarksville Drive,NULL," ",193,52234
557,1917 Kumbakonam Parkway,NULL," ",368,11892
558,1447 Imus Place,NULL," ",426,12905
559,1497 Fengshan Drive,NULL," ",112,63022
560,869 Shikarpur Way,NULL," ",496,57380
561,1059 Yuncheng Avenue,NULL," ",570,47498
562,505 Madiun Boulevard,NULL," ",577,97271
563,1741 Hoshiarpur Boulevard,NULL," ",79,22372
564,1229 Varanasi (Benares) Manor,NULL," ",43,40195
565,1894 Boa Vista Way,NULL," ",178,77464
566,1342 Sharja Way,NULL," ",488,93655
567,1342 Abha Boulevard,NULL," ",95,10714
568,415 Pune Avenue,NULL," ",580,44274
569,1746 Faaa Way,NULL," ",214,32515
570,539 Hami Way,NULL," ",538,52196
571,1407 Surakarta Manor,NULL," ",466,33224
572,502 Mandi Bahauddin Parkway,NULL," ",55,15992
573,1052 Pathankot Avenue,NULL," ",299,77397
574,1351 Sousse Lane,NULL," ",341,37815
575,1501 Pangkal Pinang Avenue,NULL," ",409,943
576,1405 Hagonoy Avenue,NULL," ",133,86587
577,521 San Juan Bautista Tuxtepec Place,NULL," ",598,95093
578,923 Tangail Boulevard,NULL," ",10,33384
579,186 Skikda Lane,NULL," ",131,89422
580,1568 Celaya Parkway,NULL," ",168,34750
581,1489 Kakamigahara Lane,NULL," ",526,98883
582,1819 Alessandria Loop,NULL," ",103,53829
583,1208 Tama Loop,NULL," ",344,73605
584,951 Springs Lane,NULL," ",219,96115
585,760 Miyakonojo Drive,NULL," ",246,64682
586,966 Asuncin Way,NULL," ",212,62703
587,1584 Ljubertsy Lane,NULL," ",494,22954
588,247 Jining Parkway,NULL," ",54,53446
589,773 Dallas Manor,NULL," ",424,12664
590,1923 Stara Zagora Lane,NULL," ",546,95179
591,1402 Zanzibar Boulevard,NULL," ",106,71102
592,1464 Kursk Parkway,NULL," ",574,17381
593,1074 Sanaa Parkway,NULL," ",311,22474
594,1759 Niznekamsk Avenue,NULL," ",14,39414
595,32 Liaocheng Way,NULL," ",248,1944
596,42 Fontana Avenue,NULL," ",512,14684
597,1895 Zhezqazghan Drive,NULL," ",177,36693
598,1837 Kaduna Parkway,NULL," ",241,82580
599,844 Bucuresti Place,NULL," ",242,36603
600,1101 Bucuresti Boulevard,NULL," ",401,97661
601,1103 Quilmes Boulevard,NULL," ",503,52137
602,1331 Usak Boulevard,NULL," ",296,61960
603,1325 Fukuyama Street,NULL," ",537,27107
